{
  "stage": [
    1,
    1,
    1,
    1,
    2,
    2,
    2,
    2,
    2
  ],
  "epoch": [
    1,
    2,
    3,
    4,
    5,
    6,
    7,
    8,
    9
  ],
  "ADE": [
    1.9944649934768677,
    0.6844257116317749,
    0.5399649739265442,
    0.32715192437171936,
    1.2568813562393188,
    1.1098849773406982,
    0.9217065572738647,
    0.9772909879684448,
    0.40925922989845276
  ],
  "FDE": [
    7.988823890686035,
    3.545483350753784,
    2.65582275390625,
    1.9842123985290527,
    7.694819450378418,
    5.114460468292236,
    4.088895797729492,
    3.647149085998535,
    2.4522061347961426
  ],
  "MAE": [
    1.0215799808502197,
    0.3612560033798218,
    0.2915078103542328,
    0.18098394572734833,
    0.6600489020347595,
    0.599834144115448,
    0.5049233436584473,
    0.5334442853927612,
    0.23526307940483093
  ],
  "RMSE": [
    3.4112401008605957,
    1.7221689224243164,
    1.1269640922546387,
    0.8840726613998413,
    3.284701108932495,
    2.1710057258605957,
    1.602948784828186,
    1.3444346189498901,
    1.0614513158798218
  ]
}