{
  "ADE": 26.385494232177734,
  "FDE": 90.54434204101562,
  "MAE": 13.275745391845703,
  "RMSE": 31.13265037536621,
  "Velocity_Error": 3.817065715789795,
  "Acceleration_Error": 4.087098121643066,
  "Direction_Error_deg": 45.03743362426758,
  "Miss_Rate_%": 100.0,
  "Longitudinal_Error": 26.349811553955078,
  "Lateral_Error": 0.20168012380599976,
  "Variance_Ratio": 0.4077558219432831,
  "Per_Step_Error": [
    0.07461388409137726,
    0.08163393288850784,
    0.12094571441411972,
    0.1574779748916626,
    0.12971089780330658,
    0.12369468063116074,
    0.18333116173744202,
    0.1286245584487915,
    0.1546589732170105,
    0.1505386233329773,
    0.1819453239440918,
    0.21412929892539978,
    0.24443355202674866,
    0.27151522040367126,
    0.3176603615283966,
    34.811561584472656,
    38.42878723144531,
    48.960304260253906,
    56.27253723144531,
    64.81954956054688,
    71.67007446289062,
    76.69277954101562,
    85.60488891601562,
    89.2977523803711,
    90.54436492919922
  ]
}