{
  "ADE": 0.3868524134159088,
  "FDE": 1.0651413202285767,
  "MAE": 0.23669299483299255,
  "RMSE": 0.4511295557022095,
  "Velocity_Error": 0.06669971346855164,
  "Acceleration_Error": 0.03883758559823036,
  "Direction_Error_deg": 0.2180764526128769,
  "Miss_Rate_%": 12.514674493062966,
  "Longitudinal_Error": 0.2908864915370941,
  "Lateral_Error": 0.1824994832277298,
  "Variance_Ratio": 0.9904755353927612,
  "Per_Step_Error": [
    0.02601632848381996,
    0.03639901429414749,
    0.04195350036025047,
    0.06346945464611053,
    0.09924526512622833,
    0.13697770237922668,
    0.17975151538848877,
    0.21314606070518494,
    0.23630653321743011,
    0.2535818815231323,
    0.264879047870636,
    0.27549201250076294,
    0.2913524806499481,
    0.3144306540489197,
    0.34383758902549744,
    0.38199836015701294,
    0.4328334629535675,
    0.4926454424858093,
    0.5563614368438721,
    0.6258389949798584,
    0.7024698853492737,
    0.7869049310684204,
    0.8782327175140381,
    0.9720794558525085,
    1.0651581287384033
  ]
}