scene,fps,duration,frames,n_agents,traj_len_mean,x_range,y_range,speed_mean,speed_max,accel_max,outliers_speed,outliers_accel
01,25,901.56,22539,1047,333.0945558739255,"(np.float64(-15.68), np.float64(414.52))","(np.float64(8.2), np.float64(27.49))",30.111653893976385,50.260143254869455,2.9510845463998487,54,0
02,25,1003.04,25076,1113,339.7259658580413,"(np.float64(-19.4), np.float64(414.68))","(np.float64(7.95), np.float64(27.22))",29.564213896838357,62.93062291126634,2.5004999500099974,668,0
03,25,1011.52,25288,914,332.0437636761488,"(np.float64(-18.35), np.float64(414.77))","(np.float64(8.02), np.float64(26.72))",30.43286213415357,65.20017254578396,2.18,1029,0
