Time,Model,Scene,ADE,FDE,RMSE,MAE,R2
2025-10-29 20:15:26,AdaptiveDT,1,1664062.8206792786,3332954.091923572,2946805.1261057737,894444.4951776336,-0.03335903422066144
