{
  "ADE": 24.555797576904297,
  "FDE": 83.37432861328125,
  "MAE": 12.357434272766113,
  "RMSE": 28.933664321899414,
  "Velocity_Error": 3.590620994567871,
  "Acceleration_Error": 3.6493637561798096,
  "Direction_Error_deg": 44.45591735839844,
  "Miss_Rate_%": 100.0,
  "Longitudinal_Error": 24.531660079956055,
  "Lateral_Error": 0.18320831656455994,
  "Variance_Ratio": 0.47793471813201904,
  "Per_Step_Error": [
    0.13258282840251923,
    0.19443906843662262,
    0.1968597173690796,
    0.18394525349140167,
    0.1568818837404251,
    0.1531219780445099,
    0.22644156217575073,
    0.25992488861083984,
    0.2039283812046051,
    0.21354711055755615,
    0.1434125155210495,
    0.18867719173431396,
    0.2085750252008438,
    0.42930275201797485,
    0.4552610516548157,
    30.366567611694336,
    33.397491455078125,
    44.50677490234375,
    53.44367218017578,
    62.41791534423828,
    68.66571044921875,
    72.64987182617188,
    78.73693084716797,
    82.98885345458984,
    83.3742904663086
  ]
}