{
  "stage": [
    1,
    1,
    1,
    1,
    1,
    2,
    2,
    2,
    2,
    2,
    2,
    2,
    2,
    2,
    2,
    3,
    3,
    3,
    3,
    3,
    3,
    3,
    3,
    3,
    3,
    3,
    3,
    3,
    3,
    3
  ],
  "epoch": [
    1,
    2,
    3,
    4,
    5,
    6,
    7,
    8,
    9,
    10,
    11,
    12,
    13,
    14,
    15,
    16,
    17,
    18,
    19,
    20,
    21,
    22,
    23,
    24,
    25,
    26,
    27,
    28,
    29,
    30
  ],
  "ADE": [
    1.9944649934768677,
    0.9069715738296509,
    0.4443976581096649,
    0.2706909775733948,
    0.20479589700698853,
    1.253233551979065,
    0.7540432214736938,
    0.7474374771118164,
    0.5875479578971863,
    0.3618929386138916,
    0.7136224508285522,
    0.29737186431884766,
    0.2048427313566208,
    0.1759817898273468,
    0.16854429244995117,
    3.347362518310547,
    2.406994104385376,
    1.985792636871338,
    1.9229910373687744,
    1.328613042831421,
    1.5933687686920166,
    1.3201558589935303,
    1.0022587776184082,
    0.9973898530006409,
    0.8653894662857056,
    0.9382427930831909,
    0.8658865094184875,
    0.7608538866043091,
    0.7464450001716614,
    0.7343237400054932
  ],
  "FDE": [
    7.988823890686035,
    3.958937883377075,
    2.3158552646636963,
    1.6122207641601562,
    1.2535796165466309,
    6.530635356903076,
    3.8617987632751465,
    3.500549554824829,
    2.5422258377075195,
    1.9740166664123535,
    2.164351224899292,
    1.2691138982772827,
    1.0815128087997437,
    0.9580995440483093,
    0.8905059695243835,
    19.311525344848633,
    15.430066108703613,
    12.656990051269531,
    10.677663803100586,
    8.84914779663086,
    8.301263809204102,
    7.415825366973877,
    6.444486141204834,
    5.987349987030029,
    5.520074367523193,
    5.358223915100098,
    5.128178119659424,
    4.952905654907227,
    4.92399263381958,
    4.750051498413086
  ],
  "MAE": [
    1.0215799808502197,
    0.47691142559051514,
    0.2427060604095459,
    0.15112853050231934,
    0.11596482992172241,
    0.6692187786102295,
    0.41473889350891113,
    0.4168355464935303,
    0.33410751819610596,
    0.21500138938426971,
    0.40101903676986694,
    0.1824623942375183,
    0.12605175375938416,
    0.10607795417308807,
    0.10096397995948792,
    1.749862551689148,
    1.2664018869400024,
    1.0619755983352661,
    1.0458751916885376,
    0.7183429002761841,
    0.883827805519104,
    0.7426292896270752,
    0.5556523203849792,
    0.5634176731109619,
    0.4864591658115387,
    0.5332071185112,
    0.49848276376724243,
    0.4276796579360962,
    0.41815996170043945,
    0.4188026189804077
  ],
  "RMSE": [
    3.4112401008605957,
    1.7320213317871094,
    1.031346321105957,
    0.738857090473175,
    0.5747526288032532,
    2.8066465854644775,
    1.753523588180542,
    1.2977068424224854,
    0.9843137860298157,
    0.7666270136833191,
    0.7840728163719177,
    0.525101900100708,
    0.4545805752277374,
    0.411819726228714,
    0.38433778285980225,
    7.744869709014893,
    6.353201389312744,
    5.453647136688232,
    4.768532752990723,
    4.147036075592041,
    3.788679838180542,
    3.4251956939697266,
    3.136345863342285,
    2.9259417057037354,
    2.749469518661499,
    2.6357338428497314,
    2.5329346656799316,
    2.4391486644744873,
    2.3716182708740234,
    2.321310520172119
  ]
}